"x", "y", "value"
0,0,0
0,1,1
0,2,1
0,3,2
0,4,3
0,5,5
0,6,8
0,7,13
0,8,21
0,9,34
0,10,55
0,11,89
0,12,144
0,13,233
0,14,377
0,15,610
0,16,987
0,17,1597
0,18,2584
0,19,4181
0,20,6765
0,21,10946
0,22,17711
0,23,28657
0,24,46368
0,25,75025
0,26,121393
0,27,196418
0,28,317811
0,29,514229
0,30,832040
0,31,1346269
0,32,2178309
0,33,3524578
0,34,5702887
0,35,9227465
0,36,14930352
0,37,24157817
0,38,39088169
0,39,63245986
0,40,102334155
0,41,165580141
0,42,267914296
0,43,433494437
0,44,701408733
0,45,1134903170
0,46,1836311903
0,47,2971215073
0,48,4807526976
0,49,7778742049
0,50,12586269025
0,51,20365011074
1,0,1
1,1,245.57976248618687
1,2,530.2849545041536
1,3,857.863920043123
1,4,1343.866836072343
1,5,1909.2633101483857
1,6,2813.3895093063475
1,7,3980.799842770312
1,8,5835.246892778324
1,9,8394.555179441393
1,10,12338.821207059034
1,11,17933.4339057891
1,12,26310.171999048627
1,13,38245.56187764499
1,14,55705.380408063276
1,15,80427.79340386626
1,16,115914.1857706395
1,17,165631.255655137
1,18,235845.431390023
1,19,333050.9172583557
1,20,468371.19824690325
1,21,653532.6344755059
1,22,908035.7870325446
1,23,1252644.413485904
1,24,1721220.5693123108
1,25,2350373.525383482
1,26,3198857.8671608698
1,27,4331966.565655718
1,28,5852935.454093017
1,29,7881436.230706222
1,30,10604081.13316168
1,31,14249237.648263756
1,32,19168947.369429134
1,33,25820035.580217198
1,34,34901221.397563905
1,35,47369350.91310797
1,36,64682027.68781422
1,37,88921596.47121067
1,38,123255480.31473777
1,39,172339044.09822735
1,40,243245325.1894591
1,41,346528071.7251101
1,42,498160201.3607617
1,43,722026750.2201626
1,44,1053854700.1732888
1,45,1546247692.3840494
1,46,2275247138.690423
1,47,3346254056.4259334
1,48,4893383240.036316
1,49,7049986939.319973
1,50,9818105444.302431
1,51,12586269025
2,0,1
2,1,531.41074103485
2,2,1105.6942121467587
2,3,1814.979128709673
2,4,2653.241182545895
2,5,3963.064712255429
2,6,5541.137706600527
2,7,8083.182732643162
2,8,11456.953008112003
2,9,16760.89873957901
2,10,24168.644191812677
2,11,35439.82661510425
2,12,51449.88592276076
2,13,75149.40733193647
2,14,108784.29160740851
2,15,157497.4902547201
2,16,226032.02184574728
2,17,323504.2177919099
2,18,459036.4193225629
2,19,648748.6508245138
2,20,909258.4066224615
2,21,1268695.9937012962
2,22,1756322.2986943529
2,23,2420440.5576655455
2,24,3311566.2333785845
2,25,4511564.88926409
2,26,6107046.553619348
2,27,8236022.165489538
2,28,11047943.949869342
2,29,14776890.286552725
2,30,19685883.755507223
2,31,26179727.213237647
2,32,34735741.205250144
2,33,46076495.84036173
2,34,61100352.82230404
2,35,81148138.88488843
2,36,107970987.56251505
2,37,144152641.85787126
2,38,193198574.08331445
2,39,260227010.01173037
2,40,352339110.40269715
2,41,479762218.5954824
2,42,656725368.6893021
2,43,903201992.2865188
2,44,1246237371.5947206
2,45,1721504181.9501417
2,46,2372576827.6284995
2,47,3245551204.4313555
2,48,4370025299.99084
2,49,5709918516.133613
2,50,7049986939.32
2,51,7778742049
3,0,2
3,1,922.7827298215425
3,2,1820.838145662788
3,3,2883.3548202252778
3,4,4256.598501940416
3,5,5926.294763781079
3,6,8620.39790567006
3,7,11953.777915522107
3,8,17320.10571764619
3,9,24562.585245479473
3,10,35828.58257405134
3,11,51643.25668337026
3,12,75435.0282318418
3,13,109163.53027136835
3,14,158584.944965482
3,15,228346.91654500764
3,16,328452.2257140539
3,17,468315.52017692605
3,18,665504.6921405336
3,19,937611.4575030899
3,20,1315269.8830087888
3,21,1829782.453346745
3,22,2533713.498364875
3,23,3481031.4552551154
3,24,4760328.600153281
3,25,6462894.733330904
3,26,8735886.115381453
3,27,11732559.858666237
3,28,15695564.35578783
3,29,20883230.155326426
3,30,27696719.649054892
3,31,36578037.789669745
3,32,48199473.79334761
3,33,63334850.79501003
3,34,83136483.62269282
3,35,108993802.27760728
3,36,142933330.8955543
3,37,187500154.83367068
3,38,246329151.20841378
3,39,324108687.71153307
3,40,427368096.79470825
3,41,564563982.9673474
3,42,747012355.1493487
3,43,988870821.0356305
3,44,1307508840.180328
3,45,1721857037.6819057
3,46,2248902626.054402
3,47,2894010407.8949804
3,48,3631829943.6372604
3,49,4370025299.990998
3,50,4893383240.036448
3,51,4807526976
4,0,3
4,1,1355.842103184351
4,2,2844.6272947444654
4,3,4273.968155132094
4,4,6081.620475682123
4,5,8497.000586169985
4,6,11502.386472434193
4,7,16444.91804893867
4,8,22675.969668059453
4,9,32665.68029375177
4,10,46275.88953611046
4,11,67233.27820945176
4,12,96675.1497073891
4,13,140511.45789353314
4,14,202401.69423873822
4,15,292223.2288209362
4,16,418199.5950723024
4,17,597351.5142733173
4,18,845789.518465752
4,19,1193019.7471624091
4,20,1668377.4409812065
4,21,2322475.4586162646
4,22,3206345.437669362
4,23,4405235.335458502
4,24,6005270.222803151
4,25,8147275.260010418
4,26,10973862.717780005
4,27,14713957.45760455
4,28,19601641.947411183
4,29,26005479.00622677
4,30,34310080.4789629
4,31,45107958.641322255
4,32,59036910.24857883
4,33,77055672.84217685
4,34,100236169.18466724
4,35,130146823.58996108
4,36,168608352.44013843
4,37,218206441.84117785
4,38,282026176.12591136
4,39,364293302.36211014
4,40,470074733.84882045
4,41,605948039.2026579
4,42,779487857.88861
4,43,999504675.8030181
4,44,1274518843.5204859
4,45,1611009124.8918414
4,46,2008326755.0542495
4,47,2450856139.3585505
4,48,2894010407.895563
4,49,3245551204.4320154
4,50,3346254056.426277
4,51,2971215073
5,0,5
5,1,2031.33026440853
5,2,4007.484240768972
5,3,6334.265426508972
5,4,8536.964517984818
5,5,11465.848666687634
5,6,15478.099953534042
5,7,20560.53113818916
5,8,29014.882745690305
5,9,39809.83243832836
5,10,57019.304346580204
5,11,80574.0164648594
5,12,116495.30007876844
5,13,166860.06082722664
5,14,241118.44819860946
5,15,345384.38140598754
5,16,495304.4681284866
5,17,704063.8476969257
5,18,998288.0709546941
5,19,1403061.7633024335
5,20,1963802.0396253462
5,21,2725059.5045074094
5,22,3763284.8585446696
5,23,5154187.083880787
5,24,7023879.593157517
5,25,9497191.78498654
5,26,12777794.276511837
5,27,17067400.94537403
5,28,22688937.553730123
5,29,29964652.357367393
5,30,39399765.03631425
5,31,51507052.465182975
5,32,67070873.30858329
5,33,86907719.610671
5,34,112230452.239984
5,35,144338345.64405516
5,36,185094966.1938448
5,37,236542681.04154828
5,38,301484235.33876455
5,39,382997819.1818729
5,40,485041975.15458024
5,41,611757120.2215551
5,42,767818380.0637305
5,43,957128384.7734524
5,44,1182167637.1256695
5,45,1441037625.4811745
5,46,1724234247.5706067
5,47,2008326755.0560117
5,48,2248902626.0566297
5,49,2372576827.6300564
5,50,2275247138.6913424
5,51,1836311903
6,0,8
6,1,2859.800214879806
6,2,5870.00871496875
6,3,8730.899214584477
6,4,12260.104123578189
6,5,15557.601232653236
6,6,20123.642301671047
6,7,26503.87661725359
6,8,34699.774249218055
6,9,48431.8231682786
6,10,66113.08242021098
6,11,94126.12759199999
6,12,132519.2006455437
6,13,190527.0312913863
6,14,271550.2448128574
6,15,389883.14530543075
6,16,554957.0465414547
6,17,790125.3559895523
6,18,1115045.4929187878
6,19,1568828.5315318243
6,20,2187857.98390907
6,21,3037599.7273094337
6,22,4181048.766378154
6,23,5726075.258100195
6,24,7777053.508021815
6,25,10507778.084284212
6,26,14085821.592632666
6,27,18784607.115230184
6,28,24867080.967401385
6,29,32753995.473211285
6,30,42851275.567944065
6,31,55794012.99142886
6,32,72201240.59962401
6,33,93014869.29175091
6,34,119166590.1116015
6,35,152024759.59708744
6,36,192958397.18574607
6,37,243885946.3376606
6,38,306711646.9349913
6,39,383922658.132686
6,40,477829804.4717743
6,41,591051430.5643957
6,42,725367999.2664183
6,43,881715204.1489128
6,44,1058222292.0745778
6,45,1249049322.0038528
6,46,1441037625.4859967
6,47,1611009124.8982472
6,48,1721857037.6869147
6,49,1721504181.95403
6,50,1546247692.3858259
6,51,1134903170
7,0,13
7,1,4186.204783681958
7,2,8233.167118251236
7,3,12617.151101224521
7,4,16673.166298551227
7,5,21860.444341354152
7,6,26647.617556461868
7,7,33522.273668143964
7,8,43294.18627115089
7,9,55989.905479345995
7,10,77366.74513455745
7,11,105035.97333610393
7,12,148591.98137395357
7,13,208231.48948528225
7,14,297525.60635451495
7,15,421611.51262030855
7,16,601142.3714926257
7,17,849770.8862839981
7,18,1200679.8169678436
7,19,1681480.1158563397
7,20,2346702.5543071725
7,21,3246080.7677283757
7,22,4468943.5846156785
7,23,6099105.514441893
7,24,8280245.4733875245
7,25,11147337.417866081
7,26,14925702.862109434
7,27,19825334.691779643
7,28,26189962.235132158
7,29,34337276.04081316
7,30,44777192.72380313
7,31,57978598.50063481
7,32,74676516.28500633
7,33,95545048.44421352
7,34,121608713.8125428
7,35,153800994.9287427
7,36,193481151.23099282
7,37,241854015.06055042
7,38,300561891.85416514
7,39,370923540.7051517
7,40,454507917.1690079
7,41,552101453.8515853
7,42,664064208.0381495
7,43,788850863.2588261
7,44,922838668.7400315
7,45,1058222292.0870119
7,46,1182167637.1426196
7,47,1274518843.5345168
7,48,1307508840.1923156
7,49,1246237371.601932
7,50,1053854700.1772311
7,51,701408733
8,0,21
8,1,5963.327007580927
8,2,11999.858520661672
8,3,17662.321459293256
8,4,23861.396701506736
8,5,29436.526873448754
8,6,36811.192200593345
8,7,43536.74468973095
8,8,53550.73201779073
8,9,68014.40977655414
8,10,86986.55355322802
8,11,119052.55097873551
8,12,160679.3548830036
8,13,225781.13710833844
8,14,314690.5934798259
8,15,446617.6570177197
8,16,628827.5624707469
8,17,889979.7649888938
8,18,1248783.9549129005
8,19,1750384.6649123367
8,20,2431574.590774699
8,21,3364944.8840951836
8,22,4614937.763888011
8,23,6297603.863929609
8,24,8518371.13054756
8,25,11458856.824318234
8,26,15283342.602959925
8,27,20267883.943544887
8,28,26658470.08989985
8,29,34860976.01925975
8,30,45230468.04473059
8,31,58342088.41705475
8,32,74688634.35121372
8,33,95050173.68200943
8,34,120076077.02296978
8,35,150761825.8509193
8,36,187890768.63852906
8,37,232605495.6764489
8,38,285679622.0484653
8,39,348132447.3996659
8,40,420286018.8093773
8,41,502313832.675061
8,42,593016455.9528519
8,43,690143967.7967266
8,44,788850863.2895858
8,45,881715204.1915027
8,46,957128384.8099668
8,47,999504675.8355789
8,48,988870821.0573299
8,49,903201992.3018937
8,50,722026750.2269431
8,51,433494437
9,0,34
9,1,8742.241709854092
9,2,17145.684406211385
9,3,25643.816831257078
9,4,33331.06922199444
9,5,41782.922638575226
9,6,49153.14864677585
9,7,59276.79108763527
9,8,68402.36384761073
9,9,82528.78168956618
9,10,103260.87186758115
9,11,130687.31691383442
9,12,177194.02241004308
9,13,237638.73947829273
9,14,331553.5327661119
9,15,459314.681313357
9,16,647195.6086978548
9,17,904886.128375065
9,18,1270705.5539247757
9,19,1769038.0944112279
9,20,2458888.7434978588
9,21,3386928.1437760256
9,22,4645723.933037783
9,23,6314618.708254132
9,24,8537584.191810805
9,25,11440142.360357415
9,26,15240670.945502229
9,27,20127235.91273389
9,28,26419833.09551886
9,29,34386804.51643287
9,30,44477962.54250248
9,31,57056923.36088395
9,32,72724709.99043687
9,33,91942542.23885185
9,34,115459983.76267299
9,35,143802603.90143865
9,36,177804982.80177763
9,37,217938196.61659932
9,38,264923120.6871093
9,39,318872369.57194453
9,40,379924058.83290315
9,41,447175220.193418
9,42,519246453.70588875
9,43,593016456.0264825
9,44,664064208.1412256
9,45,725367999.3570704
9,46,767818380.1463923
9,47,779487857.9466095
9,48,747012355.1942636
9,49,656725368.7151104
9,50,498160201.3743981
9,51,267914296
10,0,55
10,1,12637.908319260794
10,2,25092.032283948407
10,3,36662.59391419322
10,4,48186.71135595877
10,5,58193.2052148773
10,6,69236.00006035407
10,7,78531.37869722223
10,8,91923.64443935706
10,9,103854.63928112303
10,10,123162.4715947868
10,11,151980.26341959697
10,12,190405.29229004268
10,13,255768.58974559893
10,14,340704.4161994682
10,15,471808.87439349515
10,16,649283.5428973276
10,17,907918.7712306859
10,18,1259936.4979559144
10,19,1754803.0105378043
10,20,2422798.3921297146
10,21,3338158.81855164
10,22,4557295.912904302
10,23,6193481.4435865665
10,24,8339532.838575748
10,25,11166223.975897145
10,26,14814764.024217058
10,27,19535018.186431237
10,28,25528556.868462052
10,29,33145912.474416517
10,30,42656969.22621447
10,31,54527659.43157336
10,32,69091830.82430401
10,33,86925209.85051031
10,34,108392424.8750033
10,35,134127540.54380424
10,36,164432091.68317032
10,37,199855169.3921067
10,38,240423519.7255175
10,39,286290771.79542845
10,40,336791775.1798784
10,41,391109282.052286
10,42,447175220.36470276
10,43,502313832.91698843
10,44,552101454.0688472
10,45,591051430.7652382
10,46,611757120.3670375
10,47,605948039.3198206
10,48,564563983.0414996
10,49,479762218.6459013
10,50,346528071.747067
10,51,165580141
11,0,89
11,1,18544.45495530298
11,2,36298.8051759332
11,3,53484.17890761229
11,4,68792.0780979323
11,5,83718.5025567001
11,6,96060.5682166795
11,7,109784.35126981164
11,8,120847.29967154248
11,9,137871.92716898918
11,10,152855.2808341977
11,11,178425.5873965414
11,12,217303.36346441737
11,13,269540.9343608408
11,14,358699.6168682399
11,15,474401.7968769298
11,16,651828.1221536455
11,17,890609.749926545
11,18,1235408.1174514552
11,19,1700790.8460558075
11,20,2348486.227875479
11,21,3214312.2752590217
11,22,4388269.977593619
11,23,5935270.864030483
11,24,7988412.085482838
11,25,10650620.403319329
11,26,14115574.262163606
11,27,18532649.447520822
11,28,24173567.92535039
11,29,31238630.862128243
11,30,40089438.65634666
11,31,50971083.184075266
11,32,64330875.2621088
11,33,80429940.78949733
11,34,99763133.88340989
11,35,122535421.6122121
11,36,149187584.517711
11,37,179719078.0470867
11,38,214307908.96101046
11,39,252474682.76177067
11,40,293768159.6972098
11,41,336791775.56800395
11,42,379924059.38547516
11,43,420286019.31490946
11,44,454507917.6409922
11,45,477829804.8217481
11,46,485041975.4422287
11,47,470074734.0398379
11,48,427368096.93611866
11,49,352339110.4824557
11,50,243245325.2307709
11,51,102334155
12,0,144
12,1,26943.220426548716
12,2,53083.60854448279
12,3,77232.95564622211
12,4,99918.76610339878
12,5,119157.1069112547
12,6,137435.11008402708
12,7,151616.50458748336
12,8,167654.92296776766
12,9,179852.67589129336
12,10,200561.5597599141
12,11,218550.1796569079
12,12,251350.9435415708
12,13,302280.5607267333
12,14,371243.9558515776
12,15,489400.28952196334
12,16,642380.249228341
12,17,875438.494718811
12,18,1187012.9675987526
12,19,1632737.1364272898
12,20,2228943.842546019
12,21,3050151.9210173665
12,22,4136626.0660836315
12,23,5593556.3060703045
12,24,7491834.1160222925
12,25,9981620.873299781
12,26,13170566.30054699
12,27,17268472.179189213
12,28,22422538.354585737
12,29,28912835.423869226
12,30,36920377.48979362
12,31,46794207.76924201
12,32,58726082.563937545
12,33,73107882.05969381
12,34,90087667.94077133
12,35,110029602.28567645
12,36,132931584.85913222
12,37,158988572.02788877
12,38,187863939.81827396
12,39,219343442.87963244
12,40,252474683.61962
12,41,286290773.0259408
12,42,318872370.7172897
12,43,348132448.47786075
12,44,370923541.5203204
12,45,383922658.8111686
12,46,382997819.6459929
12,47,364293302.71867734
12,48,324108687.93224645
12,49,260227010.15824738
12,50,172339044.16175938
12,51,63245986
13,0,233
13,1,39349.489934762096
13,2,76910.81741979565
13,3,112420.20960569836
13,4,143775.1087611806
13,5,172163.05936557433
13,6,194790.2489427275
13,7,215606.4390320483
13,8,230310.04433160112
13,9,247574.32050752308
13,10,259572.34558216113
13,11,283513.0327012474
13,12,304003.414309679
13,13,344725.2530333883
13,14,409519.7718398613
13,15,497974.3053549759
13,16,650210.0918175587
13,17,846691.2887277568
13,18,1144073.0403399612
13,19,1538713.1881509013
13,20,2097901.4630982922
13,21,2838687.855053022
13,22,3848134.523756792
13,23,5169043.842415515
13,24,6919934.535478672
13,25,9173867.667156294
13,26,12093384.808265142
13,27,15783705.680751448
13,28,20461459.41585926
13,29,26259406.730234154
13,30,33449890.672396872
13,31,42175597.5055816
13,32,52748376.8152314
13,33,65280476.06022696
13,34,80075707.86140975
13,35,97139511.88029191
13,36,116671770.72494583
13,37,138443771.33209884
13,38,162391180.30991402
13,39,187863941.66931504
13,40,214307911.63563156
13,41,240423522.25624716
13,42,264923123.08742848
13,43,285679623.89519846
13,44,300561893.4055265
13,45,306711648.01965886
13,46,301484236.18821925
13,47,282026176.676329
13,48,246329151.60532817
13,49,193198574.30537838
13,50,123255480.42820464
13,51,39088169
14,0,377
14,1,56958.66172222994
14,2,111734.30574005045
14,3,162174.10816563066
14,4,208109.51996964018
14,5,246549.09532120245
14,6,279763.55778748536
14,7,304020.9600995685
14,8,325369.48331167124
14,9,338087.107617736
14,10,354457.65344336146
14,11,363972.7758222041
14,12,389975.05973919947
14,13,411833.2924837068
14,14,460696.7728436774
14,15,540745.8920171686
14,16,650993.8844995816
14,17,841774.7858509948
14,18,1087033.8196513762
14,19,1455842.7864020555
14,20,1941316.8744980148
14,21,2622519.43124633
14,22,3515678.5476234206
14,23,4719251.277156514
14,24,6275874.703873336
14,25,8314229.915390797
14,26,10904649.245399453
14,27,14215707.984604327
14,28,18341905.557214785
14,29,23495763.496822372
14,30,29782888.473032445
14,31,37451276.855954126
14,32,46588119.739536084
14,33,57446289.804582156
14,34,70039656.04771903
14,35,84561708.17490557
14,36,100863461.35335083
14,37,118970936.77599086
14,38,138443775.2337966
14,39,158988577.7064023
14,40,179719083.5059511
14,41,199855174.60705593
14,42,217938200.6950684
14,43,232605499.12948254
14,44,241854017.51942617
14,45,243885948.28633863
14,46,236542682.3401617
14,47,218206442.81173244
14,48,187500155.42813343
14,49,144152642.24619862
14,50,88921596.63948238
14,51,24157817
15,0,610
15,1,82431.76410835571
15,2,160897.7558505074
15,3,234189.47243879805
15,4,298583.14681550895
15,5,354632.3226133657
15,6,398375.7963451521
15,7,433792.1950425728
15,8,456111.0874710596
15,9,474293.91821879544
15,10,480926.10932177067
15,11,492934.22573433595
15,12,496500.07682795613
15,13,522469.01129913796
15,14,543769.7154923494
15,15,600324.7855393747
15,16,696322.7973422462
15,17,829845.3695779336
15,18,1062449.8430643273
15,19,1360077.8276209733
15,20,1804777.7081845913
15,21,2385010.3538833866
15,22,3191052.6316198464
15,23,4236328.594888733
15,24,5628614.528555933
15,25,7407043.785721203
15,26,9706157.225865312
15,27,12588003.874335421
15,28,16219756.52309308
15,29,20676728.83277466
15,30,26156057.8365355
15,31,32724863.249301948
15,32,40592042.21817795
15,33,49777009.060649395
15,34,60458477.89430255
15,35,72544446.26634738
15,36,86110717.97304288
15,37,100863469.39089862
15,38,116671782.50720793
15,39,132931596.3615829
15,40,149187595.58415836
15,41,164432100.47490406
15,42,177804990.29915652
15,43,187890774.06658566
15,44,193481155.57082257
15,45,192958400.13830107
15,46,185094968.4415407
15,47,168608353.87886298
15,48,142933331.9150003
15,49,107970988.13102612
15,50,64682027.97535081
15,51,14930352
16,0,987
16,1,118269.51772618764
16,2,231342.02988283086
16,3,335223.5134099958
16,4,428332.8592341985
16,5,505651.2176791676
16,6,569113.8352290238
16,7,613791.7519791271
16,8,646233.8505492735
16,9,660577.9787641242
16,10,669687.8441189204
16,11,664168.8347322859
16,12,666719.2495529946
16,13,659509.9319526638
16,14,682263.3917569921
16,15,700174.1185936725
16,16,763121.3473495784
16,17,874800.3020353904
16,18,1031896.2183163236
16,19,1307829.5115067028
16,20,1658999.2327218452
16,21,2180409.76634851
16,22,2854281.024379035
16,23,3780819.602921289
16,24,4968351.586917514
16,25,6531066.368506432
16,26,8500916.56749917
16,27,11013228.698306728
16,28,14116184.347542373
16,29,17967853.638571605
16,30,22616884.802865345
16,31,28234921.80325309
16,32,34842502.4002261
16,33,42598837.77611785
16,34,51450596.4831724
16,35,61496450.417885005
16,36,72544462.45400874
16,37,84561732.07591784
16,38,97139535.56764413
16,39,110029625.23602238
16,40,122535440.1249528
16,41,134127556.44143538
16,42,143802615.5926948
16,43,150761835.2687956
16,44,153801001.44857413
16,45,152024764.61739665
16,46,144338348.9449456
16,47,130146826.01199472
16,48,108993803.75369284
16,49,81148139.83779417
16,50,47369351.3264716
16,51,9227465
17,0,1597
17,1,169215.2087381431
17,2,329753.8042500933
17,3,478703.16247995367
17,4,609092.1203529765
17,5,720267.3523365125
17,6,805959.3183602917
17,7,870481.8273597289
17,8,908067.1330106776
17,9,928949.9247105526
17,10,926178.9797887129
17,11,917648.3763886495
17,12,891673.5638703489
17,13,877874.1031818314
17,14,853641.0906141622
17,15,868836.9320732396
17,16,879584.6885444813
17,17,946654.1737048688
17,18,1072564.1760845582
17,19,1252038.5020828
17,20,1570511.5333102057
17,21,1973358.2411131691
17,22,2567855.9975395827
17,23,3328346.6646390846
17,24,4362994.618976549
17,25,5672634.59659098
17,26,7374354.829572223
17,27,9489320.86649727
17,28,12148320.864165965
17,29,15380789.932090037
17,30,19328681.763106983
17,31,24008635.70094009
17,32,29559291.940055087
17,33,35951218.80537475
17,34,43289175.76027495
17,35,51450628.36663732
17,36,60458525.311474785
17,37,70039703.7392068
17,38,80075754.3956292
17,39,90087706.03961146
17,40,99763166.82670073
17,41,108392449.4697972
17,42,115460003.71394274
17,43,120076091.05533072
17,44,121608724.70972884
17,45,119166597.41956133
17,46,112230457.69905166
17,47,100236172.65710121
17,48,83136486.05189842
17,49,61100354.1759668
17,50,34901222.07664253
17,51,5702887
18,0,2584
18,1,240075.64805901394
18,2,468400.74803674506
18,3,677688.2288670826
18,4,863541.0061327384
18,5,1016990.1555959748
18,6,1139480.4438609784
18,7,1223770.1124930065
18,8,1277937.4501984625
18,9,1295661.168913777
18,10,1292208.8632861804
18,11,1259587.5153842547
18,12,1221914.1972343791
18,13,1164862.8160321966
18,14,1126035.1139143347
18,15,1077213.3087916516
18,16,1079410.9581727446
18,17,1078365.2890418498
18,18,1146289.7507163002
18,19,1283671.8173106364
18,20,1482632.7245296158
18,21,1840194.6106633022
18,22,2289424.9925782797
18,23,2948506.2902578567
18,24,3782382.975442308
18,25,4904639.352622598
18,26,6306399.161691876
18,27,8103852.502763353
18,28,10304307.397091862
18,29,13029040.122394305
18,30,16285280.127523739
18,31,20193437.129357833
18,32,24735834.32191192
18,33,30014235.45090668
18,34,35951280.235047214
18,35,42598929.80030518
18,36,49777102.96672425
18,37,57446382.08251413
18,38,65280552.71942457
18,39,73107948.80370367
18,40,80429991.35628594
18,41,86925251.15009677
18,42,91942571.7255198
18,43,95050196.74826896
18,44,95545064.17280541
18,45,93014881.17191708
18,46,86907727.36565728
18,47,77055678.45677052
18,48,63334854.209650114
18,49,46076498.02444008
18,50,25820036.529505324
18,51,3524578
19,0,4181
19,1,339286.57011535997
19,2,659739.3001766175
19,3,955635.7432840613
19,4,1213710.0450631205
19,5,1430984.5973185683
19,6,1596861.3389966576
19,7,1716648.891929794
19,8,1782719.1889887918
19,9,1808695.493218194
19,10,1788140.9576381661
19,11,1742858.623073007
19,12,1663865.2110878702
19,13,1582638.6065668997
19,14,1481785.4274803163
19,15,1407724.9622894193
19,16,1325752.9451854855
19,17,1308644.2595530257
19,18,1290540.9884610602
19,19,1355152.807696077
19,20,1499945.0270502628
19,21,1713762.4588296185
19,22,2104169.234430965
19,23,2590998.6776960786
19,24,3301331.8281583698
19,25,4189508.752030963
19,26,5371628.293911338
19,27,6827354.003846584
19,28,8668280.488936923
19,29,10885766.535327492
19,30,13587528.328161191
19,31,16757103.408826096
19,32,20490184.73943656
19,33,24735950.124419075
19,34,29559466.68885274
19,35,34842683.27776321
19,36,40592221.22946379
19,37,46588270.59450377
19,38,52748509.07106252
19,39,58726184.21515057
19,40,64330958.84688309
19,41,69091891.37439942
19,42,72724757.68072045
19,43,74688667.36863112
19,44,74676541.43090421
19,45,72201257.32875068
19,46,67070885.63465515
19,47,59036918.06489316
19,48,48199479.207444526
19,49,34735744.22397262
19,50,19168948.873547338
19,51,2178309
20,0,6765
20,1,475651.7395890808
20,2,925271.4314453756
20,3,1336257.4396133758
20,4,1698641.7821032023
20,5,1996089.17317503
20,6,2229233.213193444
20,7,2386748.364567121
20,8,2480230.211703138
20,9,2502584.805272917
20,10,2475084.2001156956
20,11,2391711.3389976406
20,12,2282319.187104607
20,13,2136915.4400619892
20,14,1995260.3472328174
20,15,1836351.072181055
20,16,1715882.1298375025
20,17,1591757.1751118577
20,18,1548580.7470836018
20,19,1507891.8549595373
20,20,1564359.0758868128
20,21,1711362.8504308173
20,22,1933826.4357328573
20,23,2348204.984565299
20,24,2860686.1210568347
20,25,3604719.193084753
20,26,4523339.443306773
20,27,5732136.076518968
20,28,7198305.134440512
20,29,9025625.170261018
20,30,11188728.934328033
20,31,13779091.788186248
20,32,16757317.042404056
20,33,20193761.886725567
20,34,24008976.586413972
20,35,28235261.598905608
20,36,32725153.655865666
20,37,37451533.239630766
20,38,42175797.36352778
20,39,46794373.224205576
20,40,50971204.75507537
20,41,54527755.82361333
20,42,57056991.0678376
20,43,58342140.35128829
20,44,57978633.609090365
20,45,55794039.141279005
20,46,51507069.46904315
20,47,45107970.82554988
20,48,36578045.19638058
20,49,26179731.915099867
20,50,14249239.696725989
20,51,1346269
21,0,10946
21,1,664012.2447451861
21,2,1287223.9482847664
21,3,1860038.708422806
21,4,2357391.209126181
21,5,2771790.5210239287
21,6,3085011.755630752
21,7,3304547.687581867
21,8,3419880.3165417775
21,9,3451929.0947956163
21,10,3395333.681017266
21,11,3281266.736259526
21,12,3104642.5097354236
21,13,2904676.834779695
21,14,2670173.407764461
21,15,2449689.8843498193
21,16,2217912.213024359
21,17,2039742.9769654002
21,18,1864794.604262671
21,19,1788917.930643837
21,20,1720348.0559218805
21,21,1763542.985821039
21,22,1906753.8582122743
21,23,2130440.4512306214
21,24,2557767.4886965794
21,25,3081517.0716547617
21,26,3838623.5981235364
21,27,4760785.649499172
21,28,5960202.346436455
21,29,7391532.2371523725
21,30,9148301.665574713
21,31,11189114.687133279
21,32,13588119.092115136
21,33,16285908.835435653
21,34,19329313.00435521
21,35,22617431.815900695
21,36,26156544.17126164
21,37,29783272.888261404
21,38,33450211.09609092
21,39,36920616.22948856
21,40,40089629.21271363
21,41,42657104.96632522
21,42,44478067.360799044
21,43,45230539.948838174
21,44,44777246.71582833
21,45,42851311.325902246
21,46,39399791.105185255
21,47,34310096.98898808
21,48,27696730.993565783
21,49,19685890.089060593
21,50,10604084.270633332
21,51,832040
22,0,17711
22,1,920052.5866639407
22,2,1782721.4591910653
22,3,2568370.4112413935
22,4,3256177.287746078
22,5,3816660.1981089283
22,6,4248975.857142494
22,7,4535293.203109109
22,8,4694304.066419564
22,9,4718445.132205618
22,10,4641408.543192402
22,11,4460876.2795693595
22,12,4220028.182109521
22,13,3915009.0777938976
22,14,3595239.4659448704
22,15,3247824.6301936433
22,16,2930034.499607307
22,17,2611352.7306773923
22,18,2365181.533222927
22,19,2132003.141209209
22,20,2017622.731909839
22,21,1916685.5363738579
22,22,1941654.9110975093
22,23,2074735.145367983
22,24,2291562.591114628
22,25,2719429.5089056846
22,26,3238695.1619466683
22,27,3986748.8313168017
22,28,4884687.7395080775
22,29,6038820.481070308
22,30,7392214.114791944
22,31,9026677.252406247
22,32,10886901.496848136
22,33,13030187.982935533
22,34,15381798.29066179
22,35,17968756.524124127
22,36,20677452.33685118
22,37,23496370.733295828
22,38,26259865.412140276
22,39,28913203.989540882
22,40,31238897.03679035
22,41,33146119.368060395
22,42,34386948.438447125
22,43,34861084.84837271
22,44,34337349.23839262
22,45,32754049.408751525
22,46,29964687.361007866
22,47,26005503.88028409
22,48,20883245.28308061
22,49,14776899.8289435
22,50,7881440.398577222
22,51,514229
23,0,28657
23,1,1269588.4785026002
23,2,2450391.100203489
23,3,3529929.497910551
23,4,4461708.549902104
23,5,5229618.761315221
23,6,5802848.718180662
23,7,6193217.045008251
23,8,6386758.2792829
23,9,6418598.358091191
23,10,6286679.580941166
23,11,6040929.953183332
23,12,5683193.722137981
23,13,5270219.160615571
23,14,4799231.422200251
23,15,4329934.510063396
23,16,3846826.9677060917
23,17,3415044.127423819
23,18,2997788.3275889372
23,19,2675553.0843531224
23,20,2378987.921429098
23,21,2221865.369210534
23,22,2085469.2606316716
23,23,2087951.9178849105
23,24,2204794.7555714278
23,25,2406704.240954214
23,26,2822288.9337062454
23,27,3321235.3441338246
23,28,4038424.94189558
23,29,4885867.8602604205
23,30,5962036.9034042265
23,31,7200310.87105597
23,32,8670323.958462447
23,33,10306126.81125246
23,34,12149961.666702813
23,35,14117517.014068829
23,36,16220882.839334276
23,37,18342767.90189699
23,38,20462157.03093749
23,39,22423049.021009184
23,40,24173967.47253739
23,41,25528838.606250454
23,42,26420047.546667904
23,43,26658616.382650405
23,44,26190070.89376049
23,45,24867152.750384234
23,46,22688989.441934697
23,47,19601674.802220628
23,48,15695586.780333932
23,49,11047956.490253879
23,50,5852941.634799564
23,51,317811
24,0,46368
24,1,1740238.0430619926
24,2,3353388.654098807
24,3,4815190.661191938
24,4,6084179.697194929
24,5,7108425.649923073
24,6,7884494.602232362
24,7,8385466.892719338
24,8,8643572.588361543
24,9,8653166.259433713
24,10,8471425.42419434
24,11,8104314.555486963
24,12,7620880.950082899
24,13,7027655.08236686
24,14,6395507.564145479
24,15,5721899.667850196
24,16,5075873.77974005
24,17,4437928.955897472
24,18,3879368.0225038435
24,19,3355894.1315565463
24,20,2953005.8736262503
24,21,2591051.5587642114
24,22,2389181.7246354185
24,23,2216140.271461975
24,24,2193062.331817041
24,25,2288376.6527524376
24,26,2468058.708931524
24,27,2859185.7424888113
24,28,3323235.3460589284
24,29,3989881.539374497
24,30,4764256.142362889
24,31,5735698.096089749
24,32,6830567.769651974
24,33,8106771.763060784
24,34,9491723.637385858
24,35,11015273.742808301
24,36,12589590.624015007
24,37,14217000.412179105
24,38,15784664.448052581
24,39,17269227.299732424
24,40,18533189.05739487
24,41,19535431.594677046
24,42,20127521.76477685
24,43,20268097.731059738
24,44,19825478.052980132
24,45,18784711.839913428
24,46,17067468.856759578
24,47,14714005.382918127
24,48,11732589.033902451
24,49,8236040.468318264
24,50,4331974.580226362
24,51,196418
25,0,75025
25,1,2376667.081434318
25,2,4557970.26142808
25,3,6538763.71620231
25,4,8234804.86472515
25,5,9614181.803490996
25,6,10626851.075876776
25,7,11293145.811024852
25,8,11597298.377932746
25,9,11600833.984382104
25,10,11311264.906617388
25,11,10812957.799210843
25,12,10121722.121761227
25,13,9327292.533108598
25,14,8440358.850537572
25,15,7545017.009579618
25,16,6637236.634182217
25,17,5793263.79241945
25,18,4987731.371439032
25,19,4295579.666944265
25,20,3663762.8470123326
25,21,3180134.9472026387
25,22,2754619.766417568
25,23,2508722.4627339486
25,24,2300105.127824846
25,25,2249978.375327935
25,26,2319812.6961654103
25,27,2471378.244442296
25,28,2827528.2470888705
25,29,3244575.378636284
25,30,3844704.016774513
25,31,4528897.526305326
25,32,5376713.911653871
25,33,6310640.252027025
25,34,7377990.199135855
25,35,8503774.55841083
25,36,9708501.203630796
25,37,10906411.094035633
25,38,12094781.739181628
25,39,13171577.739121214
25,40,14116354.197515108
25,41,14815310.457494892
25,42,15241082.293449223
25,43,15283622.2470253
25,44,14925908.755888611
25,45,14085957.435796756
25,46,12777891.77750355
25,47,10973924.477603098
25,48,8735928.027319022
25,49,6107070.034742836
25,50,3198869.3883166667
25,51,121393
26,0,121393
26,1,3227694.911164637
26,2,6170582.759323988
26,3,8819090.965849124
26,4,11093728.277377065
26,5,12906069.26019331
26,6,14248970.584533919
26,7,15085459.076309578
26,8,15473278.643868696
26,9,15416371.225067073
26,10,15014371.842498554
26,11,14292150.04390105
26,12,13364763.030729435
26,13,12258197.223463546
26,14,11082369.983531395
26,15,9850153.368238812
26,16,8656201.780562673
26,17,7492317.798069824
26,18,6438618.744717378
26,19,5461650.340219049
26,20,4636776.790409649
26,21,3901084.3316018437
26,22,3341772.718013067
26,23,2858673.3639915576
26,24,2572416.006278226
26,25,2331671.596887435
26,26,2254830.372803487
26,27,2296959.897352644
26,28,2416461.7403592216
26,29,2729595.2016926007
26,30,3090929.953706781
26,31,3613395.336313034
26,32,4196838.283862
26,33,4910967.2007390885
26,34,5677674.222710114
26,35,6535228.51437585
26,36,7410213.107555706
26,37,8316759.852233981
26,38,9175723.336310696
26,39,9983061.213098451
26,40,10651642.662999239
26,41,11166998.473935938
26,42,11440675.822759215
26,43,11459252.288725097
26,44,11147602.144552823
26,45,10507970.080990661
26,46,9497316.274580657
26,47,8147362.594823372
26,48,6462947.964898366
26,49,4511598.123870372
26,50,2350388.114312533
26,51,75025
27,0,196418
27,1,4371058.371685856
27,2,8304879.231952662
27,3,11845357.523565844
27,4,14843866.367307864
27,5,17241324.100769173
27,6,18961409.54929693
27,7,20042039.039004166
27,8,20473595.824343327
27,9,20365851.542749304
27,10,19750801.563233458
27,11,18773158.13828361
27,12,17477364.94585125
27,13,16009756.096979486
27,14,14404566.089425277
27,15,12788712.607967362
27,16,11173606.41396856
27,17,9659939.223702068
27,18,8231845.357281898
27,19,6968974.340532646
27,20,5827446.05777326
27,21,4879427.71309894
27,22,4051350.9737719353
27,23,3426662.1123518595
27,24,2895976.9108916437
27,25,2575871.6457739337
27,26,2308688.372425052
27,27,2207323.000963941
27,28,2221442.770873866
27,29,2307174.7641156525
27,30,2572264.448072038
27,31,2873090.197088348
27,32,3312118.308881129
27,33,3791084.1196229476
27,34,4370231.507479091
27,35,4973933.231529889
27,36,5633100.703799897
27,37,6279207.611620988
27,38,6922538.687652109
27,39,7493706.1078084335
27,40,7989839.523304667
27,41,8340528.675371364
27,42,8538327.202168956
27,43,8518875.155021096
27,44,8280613.885306135
27,45,7777296.435402656
27,46,7024052.90523983
27,47,6005380.081070284
27,48,4760402.781205399
27,49,3311607.8701837044
27,50,1721240.9169914376
27,51,46368
28,0,317811
28,1,5894789.43655782
28,2,11140353.065480778
28,3,15816343.977818297
28,4,19775984.59333732
28,5,22875194.054388497
28,6,25104375.594325937
28,7,26422040.44747351
28,8,26934663.823363915
28,9,26675266.846882164
28,10,25818582.920429252
28,11,24430593.883174215
28,12,22704083.736067023
28,13,20701889.08069653
28,14,18598171.85509476
28,15,16430705.65296681
28,16,14337289.931034345
28,17,12322650.635805385
28,18,10487373.494565137
28,19,8803933.267676612
28,20,7346561.020538341
28,21,6058827.690150033
28,22,5006049.150179787
28,23,4103756.572490313
28,24,3428755.1177119394
28,25,2863912.6773741823
28,26,2518881.5292519955
28,27,2232788.2867644136
28,28,2110764.7963500684
28,29,2098462.421275313
28,30,2150999.1576478984
28,31,2366213.2451321366
28,32,2605709.848543926
28,33,2960829.043481495
28,34,3337971.8037371025
28,35,3788609.3642197372
28,36,4242189.421670055
28,37,4723861.434975861
28,38,5172399.882421064
28,39,5596132.047103887
28,40,5937090.527056133
28,41,6194847.787314812
28,42,6315557.426015779
28,43,6298294.668812236
28,44,6099567.483575214
28,45,5726408.265287999
28,46,5154403.056967941
28,47,4405386.073465039
28,48,3481123.4528238624
28,49,2420497.7520045247
28,50,1252669.5784682375
28,51,28657
29,0,514229
29,1,7937033.968451856
29,2,14874623.522852303
29,3,21043663.324405555
29,4,26189901.234766975
29,5,30212044.267370604
29,6,33005071.233381502
29,7,34645531.61285158
29,8,35153254.67296912
29,9,34726171.0329244
29,10,33452740.36830941
29,11,31580438.6199957
29,12,29210238.359185442
29,13,26579987.252236933
29,14,23765232.39831401
29,15,20959857.87375564
29,16,18197646.978818104
29,17,15618474.097059716
29,18,13214035.998008281
29,19,11077618.52743836
29,20,9166083.210312102
29,21,7543237.415835623
29,22,6138575.487928204
29,23,5007290.966436153
29,24,4054483.6818296304
29,25,3347927.2512326203
29,26,2764785.4592044847
29,27,2405441.2104784544
29,28,2109196.5365390014
29,29,1971686.8464984922
29,30,1936203.6703474538
29,31,1958185.5247035704
29,32,2124720.231756567
29,33,2305678.5513463276
29,34,2581102.4322679266
29,35,2864372.4590811143
29,36,3199044.678384248
29,37,3521569.4043662846
29,38,3852685.5556446905
29,39,4139881.335400622
29,40,4390729.934626855
29,41,4559007.07023436
29,42,4646991.262500039
29,43,4615796.272050008
29,44,4469567.237221356
29,45,4181459.9255280495
29,46,3763576.6614480703
29,47,3206530.560772469
29,48,2533837.9509597034
29,49,1756392.2766940673
29,50,908069.8622357126
29,51,17711
30,0,832040
30,1,10662149.4086193
30,2,19814354.570501737
30,3,27864308.044866577
30,4,34552480.58322954
30,5,39658265.21736433
30,6,43181241.55618938
30,7,45099404.538530655
30,8,45614554.92565503
30,9,44832791.28706547
30,10,43060243.27620976
30,11,40446765.190552905
30,12,37311593.13046369
30,13,33784567.54966046
30,14,30138247.215427216
30,15,26450341.339493595
30,16,22921878.760366794
30,17,19572897.640854802
30,18,16534671.835755076
30,19,13779219.75150134
30,20,11385136.738045793
30,21,9290397.493351407
30,22,7543959.075613873
30,23,6060662.247117806
30,24,4883080.138910746
30,25,3907164.7502528196
30,26,3189989.750713046
30,27,2605548.5181396697
30,28,2243285.9462067354
30,29,1946135.3485090372
30,30,1799112.0205019317
30,31,1744934.5885159522
30,32,1740642.6295454176
30,33,1862256.5552159895
30,34,1990373.8474584005
30,35,2193978.301791801
30,36,2395135.4227147293
30,37,2630393.901158263
30,38,2844389.816539213
30,39,3054488.6781822583
30,40,3217366.0137192635
30,41,3340434.8165126126
30,42,3388489.0783713465
30,43,3366086.4409283325
30,44,3246843.741705868
30,45,3038146.8023667894
30,46,2725414.4607808525
30,47,2322722.080214695
30,48,1829933.1650544861
30,49,1268789.3354571047
30,50,653573.7923061292
30,51,10946
31,0,1346269
31,1,14324756.178957116
31,2,26312225.09967272
31,3,36795969.824240595
31,4,45358020.245598614
31,5,51843152.49441216
31,6,56134541.78334647
31,7,58397452.60432327
31,8,58738656.06436577
31,9,57518105.095391855
31,10,54944201.648869425
31,11,51435545.27981771
31,12,47198285.18584701
31,13,42610938.028206095
31,14,37817867.24186302
31,15,33108574.678480163
31,16,28548221.53833337
31,17,24329083.158943247
31,18,20446713.38980046
31,19,17012560.49628546
31,20,13973066.018172866
31,21,11385547.449570585
31,22,9167135.292457333
31,23,7348684.052590667
31,24,5831008.077344039
31,25,4642627.840207791
31,26,3672438.990240614
31,27,2965997.8345995843
31,28,2396996.1819959357
31,29,2043017.9339380274
31,30,1753919.7940070152
31,31,1603588.8208537656
31,32,1535936.5270843604
31,33,1510731.1669112875
31,34,1593073.5377864684
31,35,1676041.2646163576
31,36,1818121.2346479516
31,37,1951096.8670853488
31,38,2105388.5738378065
31,39,2234279.9019421614
31,40,2352488.542818865
31,41,2425576.553587982
31,42,2460933.436080542
31,43,2432958.401372484
31,44,2347702.431667706
31,45,2188517.1947376616
31,46,1964267.7343429697
31,47,1668673.1362906338
31,48,1315467.8887932347
31,49,909369.9261076158
31,50,468425.3264355232
31,51,6765
32,0,2178309
32,1,19245830.858432774
32,2,34906161.05409403
32,3,48421385.009627186
32,4,59358494.64635751
32,5,67413230.7310142
32,6,72639067.96919234
32,7,75103380.47392152
32,8,75198372.09362684
32,9,73194982.69381338
32,10,69627113.63365734
32,11,64804734.340453535
32,12,59245335.476569004
32,13,53192568.96732055
32,14,47059496.42348641
32,15,40983123.61242838
32,16,35246273.43440099
32,17,29884547.807113215
32,18,25064287.31493904
32,19,20746551.224390287
32,20,17012789.376615874
32,21,13779810.515455281
32,22,11078827.07147984
32,23,8805976.737202134
32,24,6972376.932316713
32,25,5466735.957961582
32,26,4303298.68939678
32,27,3366680.6122793057
32,28,2690970.207312832
32,29,2152554.1385348104
32,30,1816961.9756432173
32,31,1543883.3549936344
32,32,1396133.7708078676
32,33,1320419.2853957056
32,34,1280130.4393664347
32,35,1329975.136886545
32,36,1376504.840161225
32,37,1468501.9248168338
32,38,1547843.6176392897
32,39,1639629.3846299895
32,40,1705632.1465146972
32,41,1758388.5317316244
32,42,1771493.9580905861
32,43,1752171.0168872369
32,44,1682673.629894604
32,45,1569680.3254303413
32,46,1403614.679761462
32,47,1193402.3616482702
32,48,937845.5541385489
32,49,648893.1425744506
32,50,333114.75269705703
32,51,4181
33,0,3524578
33,1,25917810.65183869
33,2,46247745.10069536
33,3,63617031.524644755
33,4,77378912.45973177
33,5,87342966.92062376
33,6,93455149.69152752
33,7,96087568.26782736
33,8,95563075.51431221
33,9,92540019.32140741
33,10,87464184.68191412
33,11,81031775.26393071
33,12,73631041.8386083
33,13,65844564.13522928
33,14,57921315.22703287
33,15,50273911.923295125
33,16,43005331.68735566
33,17,36365385.23183864
33,18,30343570.87168824
33,19,25064412.191480387
33,20,20447038.14716819
33,21,16535345.491532862
33,22,13215183.85854951
33,23,10489311.342790395
33,24,8234764.61757933
33,25,6443110.768647399
33,26,4994059.219555521
33,27,3888536.5151452012
33,28,3010111.0808125758
33,29,2382227.0656804945
33,30,1886856.5488153584
33,31,1577921.4763706313
33,32,1327288.45654613
33,33,1187228.6285039887
33,34,1108564.0740372138
33,35,1058917.7381172937
33,36,1083413.0488236889
33,37,1102332.9386945162
33,38,1155696.8624022973
33,39,1195274.1710661289
33,40,1241565.0319960993
33,41,1264203.257134678
33,42,1273828.739468248
33,43,1250896.174497094
33,44,1202198.809682647
33,45,1116047.0271869705
33,46,998992.691538847
33,47,846237.2680052804
33,48,665803.4575234157
33,49,459204.9347629952
33,50,235926.9857524634
33,51,2584
34,0,5702887
34,1,34998156.5789073
34,2,61315584.93637672
34,3,83416293.76989715
34,4,100642358.07370368
34,5,112662206.13774872
34,6,119719698.7353413
34,7,122147177.62688188
34,8,120720174.27703613
34,9,116053412.00956589
34,10,109068967.01009935
34,11,100361363.80437101
34,12,90744081.52254748
34,13,80636827.9822523
34,14,70635545.93380001
34,15,60952926.96447205
34,16,51960735.46214509
34,17,43700930.97255792
34,18,36365451.92508489
34,19,29884722.55591087
34,20,24329450.794709783
34,21,19573528.882103026
34,22,15619554.79452942
34,23,12324291.438342234
34,24,9662499.342926938
34,25,7495953.167633457
34,26,5798604.355432471
34,27,4445165.844400013
34,28,3425193.086862062
34,29,2624599.1654057363
34,30,2057602.7067655465
34,31,1614319.17958812
34,32,1338008.008526483
34,33,1114365.1869945053
34,34,985995.4680212677
34,35,908801.5155044668
34,36,854950.5412310191
34,37,860974.3644977316
34,38,860495.824978195
34,39,885792.2634397051
34,40,897868.1450000907
34,41,913264.8918954616
34,42,908544.0281066383
34,43,892627.7740126775
34,44,851539.5892525705
34,45,791382.392140473
34,46,704880.1297667967
34,47,597914.3233818857
34,48,468660.22009303427
34,49,323716.3227964952
34,50,165725.1222257646
34,51,1597
35,0,9227465
35,1,47489713.24256664
35,2,81358623.39388359
35,3,109341194.24827416
35,4,130544167.38661703
35,5,144874250.40521935
35,6,152566081.96753636
35,7,154469112.62288558
35,8,151392611.12292004
35,9,144538583.23979354
35,10,134790635.51795608
35,11,123276965.30765042
35,12,110673546.5731019
35,13,97834697.26173441
35,14,85146768.88692729
35,15,73156838.615034
35,16,61997533.39254147
35,17,51960770.322484985
35,18,43005423.711543
35,19,35246469.82938183
35,20,28548561.333985887
35,21,22922468.824661646
35,22,18198549.86437062
35,23,14338718.693242379
35,24,11175651.458470132
35,25,8659248.4149877
35,26,6641398.780051635
35,27,5081792.522468643
35,28,3854616.72900454
35,29,2940683.6941659283
35,30,2231480.7484676507
35,31,1733787.0527781914
35,32,1347898.5705653278
35,33,1107688.4438129787
35,34,913585.9020135576
35,35,799631.0077012071
35,36,727382.650188315
35,37,673583.3721398648
35,38,667261.9391396226
35,39,654471.1893205557
35,40,660789.2991473807
35,41,655484.9715725468
35,42,651713.0695545108
35,43,631880.7762815414
35,44,603328.8032829078
35,45,556398.6718385104
35,46,496314.9477567995
35,47,418842.0999810677
35,48,328879.56847654865
35,49,226273.35993692
35,50,116030.67685762214
35,51,987
36,0,14930352
36,1,64798071.73670842
36,2,108229034.83153206
36,3,143268324.27848285
36,4,169095390.6301345
36,5,185611944.07787198
36,6,193621705.8398964
36,7,194126043.95339206
36,8,188663363.89003468
36,9,178515915.20993435
36,10,165243819.3138499
36,11,149904544.05040035
36,12,133719382.38905552
36,13,117344582.35621846
36,14,101578783.41222128
36,15,86703959.86615139
36,16,73156856.44458012
36,17,60952974.38164428
36,18,50274014.60593948
36,19,40983302.62371422
36,20,33108890.05981545
36,21,26450827.67421974
36,22,20960638.56700397
36,23,16431831.969208002
36,24,12790414.549488118
36,25,9852497.346004294
36,26,7548397.568510131
36,27,5726385.84309416
36,28,4336154.045344936
36,29,3255816.676958046
36,30,2460384.528995566
36,31,1849694.5986444154
36,32,1425002.8362937546
36,33,1098176.5145510135
36,34,895142.8947535505
36,35,731233.9714397413
36,36,633131.8021515085
36,37,568249.0893309274
36,38,517696.7306602952
36,39,504109.75484426855
36,40,484695.7410108908
36,41,479353.877173124
36,42,464471.98252239346
36,43,450335.1385354005
36,44,424093.697705014
36,45,391640.6011495694
36,46,346525.8876435466
36,47,293007.6676308251
36,48,228827.74467894007
36,49,157792.53219775655
36,50,80558.55308999629
36,51,610
37,0,24157817
37,1,89061991.7151058
37,2,144397828.2376777
37,3,187905391.45075428
37,4,218669341.1103172
37,5,237167897.42786196
37,6,244516685.055709
37,7,242633621.27481687
37,8,233340650.59103602
37,9,218797192.1393606
37,10,200628221.51809347
37,11,180584808.72467923
37,12,159739593.51414794
37,13,139255614.95968488
37,14,119653619.32753623
37,15,101578792.33303986
37,16,85146792.78793958
37,17,70635598.466384
37,18,57921407.50496485
37,19,47059661.4056678
37,20,37818123.62553965
37,21,30138664.810069785
37,22,23765839.634787463
37,23,18599102.753936674
37,24,14405858.517000053
37,25,11084260.801806377
37,26,8442888.787380755
37,27,6399065.169665461
37,28,4803841.580019598
37,29,3601496.392540766
37,30,2678047.877676394
37,31,2005601.4086152136
37,32,1494444.565895095
37,33,1142146.550135138
37,34,872840.6692608988
37,35,705967.0107891491
37,36,571272.9128061082
37,37,489294.61932187655
37,38,433164.20941875293
37,39,387974.50760930346
37,40,371038.2838615178
37,41,349231.7532997665
37,42,337738.3909161195
37,43,318867.81944601226
37,44,300505.4774978656
37,45,273514.7515700911
37,46,242490.7566840835
37,47,203274.6101980365
37,48,159163.8320927387
37,49,109111.53346831893
37,50,55862.96206547269
37,51,377
38,0,39088169
38,1,123386845.91318813
38,2,193491070.84818828
38,3,246708398.1886074
38,4,282578282.6876166
38,5,302069580.8210809
38,6,307463682.91581905
38,7,301292206.1872897
38,8,286555738.9043473
38,9,265728426.99063164
38,10,241344242.70891374
38,11,215120305.08816218
38,12,188757776.04461142
38,13,163153857.0133711
38,14,139255619.32487878
38,15,117344594.13848054
38,16,97834723.55369434
38,17,80636874.51647174
38,18,65844648.58822738
38,19,53192701.22315167
38,20,42611156.65774745
38,21,33784887.9733545
38,22,26580485.712466277
38,23,20702586.695774756
38,24,16010791.620507661
38,25,12259594.15438003
38,26,9329285.373041542
38,27,7030259.234540296
38,28,5273804.431344137
38,29,3919560.1096817963
38,30,2910739.1772057544
38,31,2144402.5508015035
38,32,1592304.186421732
38,33,1176486.6380945325
38,34,892431.3573698391
38,35,676561.7792747277
38,36,543196.2481833929
38,37,435477.7300625985
38,38,368939.8637266385
38,39,322037.44534717593
38,40,283343.769341967
38,41,265840.9534882563
38,42,244516.30780280186
38,43,230719.28929091198
38,44,211527.05625055922
38,45,192852.2858270326
38,46,168370.36581503155
38,47,141546.15866350083
38,48,109798.0928262539
38,49,75537.78336777946
38,50,38417.88696024213
38,51,233
39,0,63245986
39,1,172493450.3789818
39,2,260496354.07394302
39,3,324554390.09424067
39,4,364801854.21703446
39,5,383685542.74703526
39,6,384615702.8234476
39,7,371781228.6388812
39,8,348940387.7837347
39,9,319817599.6787767
39,10,287140586.8097778
39,11,253427570.83332026
39,12,220169311.9672449
39,13,188757778.13289508
39,14,159739599.1926614
39,15,133719395.25844774
39,16,110673569.52344783
39,17,90744123.815514
39,18,73631108.58261813
39,19,59245447.48646372
39,20,47198450.64081057
39,21,37311854.38063775
39,22,29210606.924857095
39,23,22704638.948187046
39,24,17478120.066394463
39,25,13365856.112381903
39,26,10123162.461559895
39,27,7622892.867789779
39,28,5685769.463171564
39,29,4223509.053889423
39,30,3108979.266900315
39,31,2287998.7948672296
39,32,1670757.4592905692
39,33,1230670.8856170229
39,34,902027.3325912426
39,35,679488.3141427443
39,36,511209.5421502613
39,37,407587.42336792883
39,38,323760.2989301216
39,39,271284.9263170284
39,40,233360.90934343476
39,41,201487.00685473805
39,42,185199.65760939466
39,43,166081.602557325
39,44,152432.07380040135
39,45,135049.84027781308
39,46,118257.48908970412
39,47,97796.16928527088
39,48,76176.40944097692
39,49,51869.26056773946
39,50,26511.684280073932
39,51,144
40,0,102334155
40,1,243385095.30650866
40,2,352650662.64784503
40,3,427771628.7325995
40,4,470662853.3785141
40,5,485664869.4310057
40,6,478630995.2551674
40,7,455285204.4594722
40,8,421219564.0191595
40,9,380781345.93865454
40,10,337773068.0944569
40,11,294633229.28231823
40,12,253427571.80960363
40,13,215120307.76278332
40,14,180584814.88331205
40,15,149904555.11684772
40,16,123276986.02207921
40,17,100361396.74766184
40,18,81031831.40684606
40,19,64804817.92522783
40,20,51435679.276853904
40,21,40446955.74691988
40,22,31580730.010713074
40,23,24430993.430361215
40,24,18773745.141115494
40,25,14292929.979252553
40,26,10814063.35196354
40,27,8105741.993308792
40,28,6042887.323087554
40,29,4463336.236602595
40,30,3284535.4930351474
40,31,2395713.653941026
40,32,1748017.8727941443
40,33,1265744.4299288986
40,34,925352.8716196618
40,35,673130.0117260211
40,36,503822.8037565728
40,37,376311.442815482
40,38,298069.39801009616
40,39,234607.72553592524
40,40,194389.44624229395
40,41,164680.38578718473
40,42,139348.32714771474
40,43,125248.68550881835
40,44,109167.8889700272
40,45,97031.97917789684
40,46,82460.80831064578
40,47,68522.15665883667
40,48,52433.824742164536
40,49,35922.51540707957
40,50,18147.78330231445
40,51,89
41,0,165580141
41,1,346686971.53642577
41,2,480039133.4461142
41,3,565022677.4355493
41,4,606470923.7315832
41,5,612464956.246341
41,6,591764094.4528333
41,7,552984347.1116534
41,8,503144787.2018081
41,9,448148406.81653476
41,10,391983497.8265008
41,11,337773068.54022795
41,12,287140588.04029024
41,13,241344245.58901417
41,14,200628226.73304266
41,15,165243829.23295155
41,16,134790651.41558722
41,17,109068994.53304392
41,18,87464225.9815006
41,19,69627180.87532842
41,20,54944298.0409094
41,21,43060392.9412966
41,22,33452947.261953287
41,23,25818891.495485686
41,24,19751214.971479267
41,25,15014966.639894329
41,26,11312039.404656176
41,27,8472503.246681094
41,28,6288045.924669409
41,29,4643250.95023858
41,30,3397609.6789782383
41,31,2478061.3317859108
41,32,1791726.478831986
41,33,1296761.7987728585
41,34,931525.1004534884
41,35,676280.2844426193
41,36,488471.11210139934
41,37,363492.8763597544
41,38,269644.7093248184
41,39,212270.4765570676
41,40,165555.40320178546
41,41,135602.9472889502
41,42,113037.09653940852
41,43,93575.91813143427
41,44,82034.94316913196
41,45,69187.14165181915
41,46,59153.37571434888
41,47,47633.02385118755
41,48,36723.719963429605
41,49,24675.1072594156
41,50,12581.687628946054
41,51,55
42,0,267914296
42,1,498298621.6586437
42,2,657034191.848028
42,3,747412007.6452224
42,4,780070862.5546888
42,5,768435340.537509
42,6,726162305.7037971
42,7,664834193.0824205
42,8,593942115.5539564
42,9,520095838.1343638
42,10,448148407.0151596
42,11,380781346.49122643
42,12,319817600.99417627
42,13,265728429.39095092
42,14,218797196.78078085
42,15,178515922.70731324
42,16,144538596.43083256
42,17,116053431.96083564
42,18,92540052.32325724
42,19,73195030.38409698
42,20,57518180.304105274
42,21,44832896.10536203
42,22,34726329.780975014
42,23,26675481.298031207
42,24,20366164.79146348
42,25,15416782.573014062
42,26,11601415.064569805
42,27,8653909.269791864
42,28,6419615.230199011
42,29,4719712.461667873
42,30,3453611.4890053817
42,31,2504629.4978556
42,32,1811330.4310419126
42,33,1298784.3544572492
42,34,932858.6187327245
42,35,665095.4396207801
42,36,479785.11904478865
42,37,344271.96576774353
42,38,254874.57282617062
42,39,187858.31109064491
42,40,147041.45636120156
42,41,113630.86395295037
42,42,91962.47890381556
42,43,75337.13936685793
42,44,60867.35817390632
42,45,51851.05604635583
42,46,42028.132516931335
42,47,34176.590926689365
42,48,25488.96936151817
42,49,17325.133841100993
42,50,8645.208402861179
42,51,34
43,0,433494437
43,1,722177832.7051423
43,2,903465077.884954
43,3,989306965.8548034
43,4,1000001476.8045447
43,5,957801474.2853327
43,6,882392384.8433187
43,7,789690512.1809552
43,8,690933659.6319366
43,9,593942115.6402073
43,10,503144787.4437355
43,11,421219564.60532916
43,12,348940388.86192954
43,13,286555741.0250746
43,14,233340654.04406965
43,15,188663370.06706432
43,16,151392620.54079634
43,17,120720190.11018404
43,18,95563098.58057177
43,19,75198409.05279547
43,20,58738707.99859931
43,21,45614634.81907209
43,22,35153363.50208208
43,23,26934825.254965212
43,24,20473809.61185817
43,25,15473585.267280668
43,26,11597693.842339609
43,27,8644122.011253105
43,28,6387449.084165524
43,29,4695234.902365491
43,30,3421021.873374927
43,31,2481723.331390954
43,32,1784505.540963692
43,33,1280206.5850127023
43,34,910715.1420344611
43,35,649501.1963463741
43,36,459828.5689887403
43,37,329824.5740600744
43,38,235248.19651417457
43,39,173399.9265523816
43,40,127043.4342016253
43,41,98914.46614605418
43,42,75725.09343791452
43,43,60508.57666393566
43,44,48627.03836112517
43,45,38206.89375675544
43,46,31441.907023224274
43,47,24217.79369009099
43,48,18334.118271897973
43,49,12030.393007138517
43,50,6109.652906737325
43,51,21
44,0,701408733
44,1,1053980136.7997332
44,2,1246517428.6475694
44,3,1307871018.4581857
44,4,1275047569.500214
44,5,1182726786.4624226
44,6,1058942708.0046166
44,7,923536577.6775004
44,8,789690512.2173716
44,9,664834193.1854964
44,10,552984347.366111
44,11,455285204.93145627
44,12,371781229.58388704
44,13,301292207.738651
44,14,242633624.09804255
44,15,194126048.29322177
44,16,154469120.04168594
44,17,122147188.5240679
44,18,96087586.01520477
44,19,75103405.6198194
44,20,58397491.90982496
44,21,45099458.53055585
44,22,34645612.96667826
44,23,26422149.10610185
44,24,20042197.305155568
44,25,15085664.970088754
44,26,11293436.252727624
44,27,8385835.304637946
44,28,6193721.014156931
44,29,4535916.855714785
44,30,3305375.7280460456
44,31,2387748.2419276545
44,32,1717938.1459169826
44,33,1225289.1052078097
44,34,872384.4447796764
44,35,615978.1837694091
44,36,436452.5051164358
44,37,307000.8312429192
44,38,219127.2816040529
44,39,155456.59701393114
44,40,114186.92041406213
44,41,83199.57673179674
44,42,64462.54423586772
44,43,48869.596779705214
44,44,38507.61217953062
44,45,30272.508575099193
44,46,23001.384640153094
44,47,18101.80612488404
44,48,12968.179995432474
44,49,8699.204462844626
44,50,4254.330676160012
44,51,13
45,0,1134903170
45,1,1546377297.7034636
45,2,1721729732.3222938
45,3,1722231193.269178
45,4,1611435065.434454
45,5,1441615082.8979926
45,6,1249629958.7821903
45,7,1058942708.0195016
45,8,882392384.8859088
45,9,726162305.8110898
45,10,591764094.6536758
45,11,478630995.66490686
45,12,384615703.50193
45,13,307463684.17281324
45,14,244516687.00438693
45,15,193621709.22902465
45,16,152566086.98784554
45,17,119719707.04952356
45,18,93455161.57169367
45,19,72639086.84468886
45,20,56134567.933196604
45,21,43181281.592761025
45,22,33005125.168921743
45,23,25104455.396090038
45,24,18961514.273980178
45,25,14249120.613574062
45,26,10627043.072583225
45,27,7884761.284206156
45,28,5803181.725368465
45,29,4249424.7415810535
45,30,3085558.8306881078
45,31,2229949.3234519516
45,32,1597713.1328951744
45,33,1140563.554698077
45,34,807216.3545112121
45,35,570666.6860824374
45,36,400133.25218929054
45,37,281872.2802896378
45,38,197115.50347837375
45,39,140143.45697375873
45,40,98966.4198025763
45,41,72517.83852693338
45,42,52572.38152485306
45,43,40548.12750145112
45,44,30416.24951430747
45,45,23584.422167691082
45,46,18051.109726614624
45,47,13132.85917230981
45,48,9688.418722156151
45,49,6143.851715079791
45,50,3100.9701399053447
45,51,8
46,0,1836311903
46,1,2275347619.8596206
46,2,2372801287.781581
46,3,2249192757.064909
46,4,2008750534.4688501
46,5,1724682190.2693582
46,6,1441615082.9038315
46,7,1182726786.479373
46,8,957801474.3290234
46,9,768435340.6201711
46,10,612464956.4184201
46,11,485664869.7186541
46,12,383685543.29007345
46,13,302069581.67053556
46,14,237167898.93195775
46,15,185611946.32556784
46,16,144874254.19249594
46,17,112662211.59681636
46,18,87342975.7405986
46,19,67413243.05708608
46,20,51843171.67666732
46,21,39658291.28623533
46,22,30212083.45903889
46,23,22875245.94259308
46,24,17241399.61056745
46,25,12906166.761185022
46,26,9614319.339639353
46,27,7108598.962005385
46,28,5229855.976360234
46,29,3816952.001012328
46,30,2772178.3195931306
46,31,1996554.8678926525
46,32,1431585.778240107
46,33,1017694.7761801273
46,34,721151.0887045013
46,35,506661.6973074804
46,36,355863.49330531934
46,37,247921.40380667645
46,38,173786.67256608026
46,39,120919.29592219033
46,40,85741.25016019662
46,41,60327.27658264595
46,42,44155.732427654584
46,43,31863.551150982712
46,44,24466.832862455532
46,45,18130.61100573382
46,46,13779.619851925556
46,47,10177.358791946033
46,48,6950.789241460189
46,49,4581.9726905232155
46,50,2183.340990675405
46,51,5
47,0,2971215073
47,1,3346349164.0395236
47,2,3245716647.9850636
47,3,2894284978.370392
47,4,2451168581.4752016
47,5,2008750534.4710083
47,6,1611435065.4408598
47,7,1275047569.5171905
47,8,1000001476.8371058
47,9,780070862.6240139
47,10,606470923.8487461
47,11,470662853.60421133
47,12,364801854.57360154
47,13,282578283.3309893
47,14,218669342.08087176
47,15,169095392.29506704
47,16,130544169.80865067
47,17,100642362.05492884
47,18,77378918.07432544
47,19,59358503.53110502
47,20,45358032.42982624
47,21,34552499.20114625
47,22,26189926.108824294
47,23,19776021.37136771
47,24,14843914.29262144
47,25,11093796.945641017
47,26,8234892.199538101
47,27,6084301.08868341
47,28,4461859.287908639
47,29,3256380.691521877
47,30,2357637.83072461
47,31,1698965.0162497924
47,32,1214092.6595489813
47,33,864028.2085231047
47,34,609654.9294615447
47,35,429029.1268115147
47,36,299367.58562539774
47,37,209052.10376778702
47,38,144809.8095311482
47,39,101125.55346325463
47,40,70080.95654731718
47,41,49643.960815826125
47,42,34841.97985493201
47,43,25513.60558667391
47,44,18330.05437449659
47,45,14004.673341400212
47,46,10217.322723760864
47,47,7551.244063250806
47,48,5281.748428199334
47,49,3227.5869289316443
47,50,1616.0740094372932
47,51,3
48,0,4807526976
48,1,4893448317.934187
48,2,4370170726.059636
48,3,3632017853.943095
48,4,2894284978.371114
48,5,2249192757.0671363
48,6,1722231193.2753055
48,7,1307871018.4701734
48,8,989306965.8810129
48,9,747412007.6901373
48,10,565022677.524026
48,11,427771628.8740099
48,12,324554390.3545929
48,13,246708398.58552182
48,14,187905392.1445649
48,15,143268325.29792884
48,16,109341195.9541719
48,17,83416296.19910274
48,18,63617035.43513838
48,19,48421390.423724115
48,20,36795978.23541501
48,21,27864319.389377464
48,22,21043680.370781828
48,23,15816366.402364392
48,24,11845390.164722336
48,25,8819132.877786689
48,26,6538822.881804541
48,27,4815264.842244055
48,28,3530031.139408666
48,29,2568494.863836221
48,30,1860204.3138561845
48,31,1336455.4453978213
48,32,955891.7126348427
48,33,677986.9942499647
48,34,479078.4180445863
48,35,335650.8561724905
48,36,234710.90009946725
48,37,162752.99529288732
48,38,113106.04589124897
48,39,77974.33685535719
48,40,54336.20036758069
48,41,37557.73130357146
48,42,26639.890750779487
48,43,18676.334013545038
48,44,13705.886895445698
48,45,9798.920031070566
48,46,7432.374658206184
48,47,5299.1180813910105
48,48,3741.419223629726
48,49,2364.3914538520735
48,50,1098.2691865901538
48,51,2
49,0,7778742049
49,1,7050037312.36809
49,2,5710006119.655453
49,3,4370170726.059834
49,4,3245716647.9857235
49,5,2372801287.7835045
49,6,1721729732.3261824
49,7,1246517428.6563675
49,8,903465077.9003289
49,9,657034191.8791142
49,10,480039133.49653316
49,11,352650662.7427595
49,12,260496354.22045997
49,13,193491071.10949472
49,14,144397828.62600505
49,15,108229035.49358596
49,16,81358624.34678933
49,17,61315586.49769379
49,18,46247747.28477371
49,19,34906164.50513295
49,20,26312229.801534943
49,21,19814361.752060622
49,22,14874633.065243075
49,23,11140367.178098815
49,24,8304897.5347813815
49,25,6170609.001956081
49,26,4558003.49603436
49,27,3353434.8935179333
49,28,2450448.2945424677
49,29,1782798.7251642614
49,30,1287317.2900405745
49,31,925393.9233150783
49,32,659883.7919265542
49,33,468584.9771617062
49,34,329965.9092546785
49,35,231604.77508210563
49,36,161192.79779354384
49,37,112089.27743093685
49,38,77299.1934556386
49,39,53537.09812397747
49,40,36781.49396790851
49,41,25638.264210139056
49,42,17709.919507733364
49,43,12617.02737064523
49,44,8849.188848452699
49,45,6517.641503857334
49,46,4626.3922190367575
49,47,3461.046645502979
49,48,2370.250470805189
49,49,1527.0317956890365
49,50,741.4172876702813
49,51,1
50,0,12586269025
50,1,9818127982.159992
50,2,7050037312.368123
50,3,4893448317.934319
50,4,3346349164.0399513
50,5,2275347619.86054
50,6,1546377297.7056508
50,7,1053980136.8036753
50,8,722177832.7133807
50,9,498298621.67228013
50,10,346686971.5627676
50,11,243385095.34782052
50,12,172493450.45430574
50,13,123386846.02665503
50,14,89061991.91243851
50,15,64798072.024245024
50,16,47489713.722446874
50,17,34998157.257985935
50,18,25917811.743657485
50,19,19245832.36255098
50,20,14324758.514820134
50,21,10662152.546090951
50,22,7937038.683594099
50,23,5894795.617264366
50,24,4371067.372858624
50,25,3227706.4323204327
50,26,2376683.357294619
50,27,1740258.3907411187
50,28,1269616.3828079188
50,29,920086.6618671085
50,30,664057.6310320852
50,31,475705.86777770054
50,32,339356.61369060935
50,33,240157.20242145422
50,34,169317.7463516452
50,35,118386.00881317022
50,36,82574.04278021285
50,37,57116.24337963934
50,38,39536.35742833152
50,39,27144.73270757401
50,40,18776.22182902489
50,41,12880.774741147807
50,42,9012.618594196094
50,43,6237.733021539927
50,44,4480.706877371824
50,45,3147.3808454788023
50,46,2326.0042099664633
50,47,1628.0492765493009
50,48,1180.9706877399121
50,49,742.5430742009778
50,50,371.49009046781475
50,51,1
51,0,20365011074
51,1,12586269025
51,2,7778742049
51,3,4807526976
51,4,2971215073
51,5,1836311903
51,6,1134903170
51,7,701408733
51,8,433494437
51,9,267914296
51,10,165580141
51,11,102334155
51,12,63245986
51,13,39088169
51,14,24157817
51,15,14930352
51,16,9227465
51,17,5702887
51,18,3524578
51,19,2178309
51,20,1346269
51,21,832040
51,22,514229
51,23,317811
51,24,196418
51,25,121393
51,26,75025
51,27,46368
51,28,28657
51,29,17711
51,30,10946
51,31,6765
51,32,4181
51,33,2584
51,34,1597
51,35,987
51,36,610
51,37,377
51,38,233
51,39,144
51,40,89
51,41,55
51,42,34
51,43,21
51,44,13
51,45,8
51,46,5
51,47,3
51,48,2
51,49,1
51,50,1
51,51,0
